runtime,start,end
67.58617448806763,1704203832.0119634,1704203899.5981379
68.13907098770142,1704203832.0121634,1704203900.1512344
